# Host: localhost  (Version: 5.7.23)
# Date: 2020-03-02 12:19:05
# Generator: MySQL-Front 5.3  (Build 4.234)

/*!40101 SET NAMES utf8 */;

#
# Structure for table "branch"
#

DROP TABLE IF EXISTS `branch`;
CREATE TABLE `branch` (
  `branch_id` int(11) NOT NULL AUTO_INCREMENT COMMENT '学院专业id',
  `branch_name` varchar(20) DEFAULT NULL COMMENT '系名',
  `major_name` varchar(20) DEFAULT NULL COMMENT '专业',
  PRIMARY KEY (`branch_id`)
) ENGINE=MyISAM AUTO_INCREMENT=12 DEFAULT CHARSET=utf8 COMMENT='部门';

#
# Data for table "branch"
#

/*!40000 ALTER TABLE `branch` DISABLE KEYS */;
INSERT INTO `branch` VALUES (1,'信息工程学院','计算机科学与技术'),(2,'信息工程学院','自动化设计'),(3,'信息工程学院','java'),(4,'信息工程学院','c++'),(5,'物理学院','材料物理'),(6,'物理学院','应用物理'),(7,'物理学院','光电信息科学与技术'),(8,'外国语学院','英语'),(9,'外国语学院','日语'),(10,'外国语学院','法语'),(11,'外国语学院','德语');
/*!40000 ALTER TABLE `branch` ENABLE KEYS */;

#
# Structure for table "class"
#

DROP TABLE IF EXISTS `class`;
CREATE TABLE `class` (
  `class_id` int(11) NOT NULL AUTO_INCREMENT COMMENT '班级id',
  `class_name` varchar(10) DEFAULT '' COMMENT '班级名字',
  PRIMARY KEY (`class_id`)
) ENGINE=MyISAM AUTO_INCREMENT=3 DEFAULT CHARSET=utf8 COMMENT='班级';

#
# Data for table "class"
#

/*!40000 ALTER TABLE `class` DISABLE KEYS */;
INSERT INTO `class` VALUES (1,'一班'),(2,'二班');
/*!40000 ALTER TABLE `class` ENABLE KEYS */;

#
# Structure for table "mark"
#

DROP TABLE IF EXISTS `mark`;
CREATE TABLE `mark` (
  `mark_id` int(11) NOT NULL AUTO_INCREMENT COMMENT '各个学生科目成绩id',
  `num` varchar(4) DEFAULT NULL COMMENT '成绩',
  `stu_id` varchar(20) DEFAULT NULL COMMENT '学生',
  `sub_id` varchar(20) DEFAULT NULL COMMENT '学生id',
  PRIMARY KEY (`mark_id`)
) ENGINE=MyISAM AUTO_INCREMENT=519 DEFAULT CHARSET=utf8 COMMENT='成绩';

#
# Data for table "mark"
#

/*!40000 ALTER TABLE `mark` DISABLE KEYS */;
INSERT INTO `mark` VALUES (1,'80','1','1'),(2,'102','1','2'),(3,'121','1','3'),(4,'51','1','4'),(5,'140','1','5'),(6,'99','1','6'),(7,'125','1','7'),(8,'78','1','8'),(9,'64','1','9'),(10,'138','1','10'),(11,'50','1','11'),(12,'85','1','12'),(13,'127','1','13'),(14,'130','1','14'),(15,'120','2','1'),(16,'60','2','2'),(17,'91','2','3'),(18,'127','2','4'),(19,'112','2','5'),(20,'130','2','6'),(21,'62','2','7'),(22,'71','2','8'),(23,'122','2','9'),(24,'144','2','10'),(25,'108','2','11'),(26,'55','2','12'),(27,'105','2','13'),(28,'109','2','14'),(29,'81','3','1'),(30,'128','3','2'),(31,'146','3','3'),(32,'97','3','4'),(33,'99','3','5'),(34,'54','3','6'),(35,'123','3','7'),(36,'104','3','8'),(37,'99','3','9'),(38,'137','3','10'),(39,'135','3','11'),(40,'117','3','12'),(41,'130','3','13'),(42,'149','3','14'),(43,'104','4','1'),(44,'125','4','2'),(45,'63','4','3'),(46,'92','4','4'),(47,'120','4','5'),(48,'73','4','6'),(49,'57','4','7'),(50,'118','4','8'),(51,'70','4','9'),(52,'147','4','10'),(53,'74','4','11'),(54,'80','4','12'),(55,'129','4','13'),(56,'55','4','14'),(57,'136','5','1'),(58,'69','5','2'),(59,'87','5','3'),(60,'78','5','4'),(61,'81','5','5'),(62,'119','5','6'),(63,'103','5','7'),(64,'107','5','8'),(65,'79','5','9'),(66,'123','5','10'),(67,'128','5','11'),(68,'124','5','12'),(69,'84','5','13'),(70,'100','5','14'),(71,'97','6','1'),(72,'137','6','2'),(73,'145','6','3'),(74,'63','6','4'),(75,'132','6','5'),(76,'122','6','6'),(77,'65','6','7'),(78,'109','6','8'),(79,'99','6','9'),(80,'120','6','10'),(81,'55','6','11'),(82,'63','6','12'),(83,'100','6','13'),(84,'60','6','14'),(85,'54','7','1'),(86,'140','7','2'),(87,'89','7','3'),(88,'76','7','4'),(89,'62','7','5'),(90,'132','7','6'),(91,'124','7','7'),(92,'75','7','8'),(93,'54','7','9'),(94,'94','7','10'),(95,'59','7','11'),(96,'62','7','12'),(97,'85','7','13'),(98,'91','7','14'),(99,'149','8','1'),(100,'123','8','2'),(101,'119','8','3'),(102,'75','8','4'),(103,'69','8','5'),(104,'70','8','6'),(105,'93','8','7'),(106,'108','8','8'),(107,'111','8','9'),(108,'79','8','10'),(109,'116','8','11'),(110,'90','8','12'),(111,'54','8','13'),(112,'149','8','14'),(113,'135','9','1'),(114,'80','9','2'),(115,'145','9','3'),(116,'137','9','4'),(117,'99','9','5'),(118,'135','9','6'),(119,'128','9','7'),(120,'85','9','8'),(121,'91','9','9'),(122,'52','9','10'),(123,'139','9','11'),(124,'87','9','12'),(125,'68','9','13'),(126,'131','9','14'),(127,'101','10','1'),(128,'65','10','2'),(129,'69','10','3'),(130,'100','10','4'),(131,'145','10','5'),(132,'77','10','6'),(133,'100','10','7'),(134,'119','10','8'),(135,'146','10','9'),(136,'121','10','10'),(137,'121','10','11'),(138,'90','10','12'),(139,'139','10','13'),(140,'74','10','14'),(141,'105','11','1'),(142,'55','11','2'),(143,'108','11','3'),(144,'126','11','4'),(145,'58','11','5'),(146,'63','11','6'),(147,'91','11','7'),(148,'115','11','8'),(149,'54','11','9'),(150,'73','11','10'),(151,'56','11','11'),(152,'112','11','12'),(153,'140','11','13'),(154,'116','11','14'),(155,'111','12','1'),(156,'57','12','2'),(157,'102','12','3'),(158,'91','12','4'),(159,'97','12','5'),(160,'64','12','6'),(161,'79','12','7'),(162,'55','12','8'),(163,'87','12','9'),(164,'119','12','10'),(165,'85','12','11'),(166,'120','12','12'),(167,'95','12','13'),(168,'66','12','14'),(169,'95','13','1'),(170,'129','13','2'),(171,'111','13','3'),(172,'119','13','4'),(173,'112','13','5'),(174,'52','13','6'),(175,'75','13','7'),(176,'70','13','8'),(177,'76','13','9'),(178,'119','13','10'),(179,'117','13','11'),(180,'81','13','12'),(181,'103','13','13'),(182,'122','13','14'),(183,'52','14','1'),(184,'142','14','2'),(185,'108','14','3'),(186,'65','14','4'),(187,'149','14','5'),(188,'101','14','6'),(189,'109','14','7'),(190,'90','14','8'),(191,'77','14','9'),(192,'64','14','10'),(193,'140','14','11'),(194,'59','14','12'),(195,'124','14','13'),(196,'92','14','14'),(197,'141','15','1'),(198,'80','15','2'),(199,'125','15','3'),(200,'137','15','4'),(201,'58','15','5'),(202,'133','15','6'),(203,'138','15','7'),(204,'143','15','8'),(205,'52','15','9'),(206,'83','15','10'),(207,'108','15','11'),(208,'140','15','12'),(209,'128','15','13'),(210,'69','15','14'),(211,'112','16','1'),(212,'106','16','2'),(213,'141','16','3'),(214,'140','16','4'),(215,'128','16','5'),(216,'71','16','6'),(217,'122','16','7'),(218,'148','16','8'),(219,'123','16','9'),(220,'124','16','10'),(221,'99','16','11'),(222,'75','16','12'),(223,'126','16','13'),(224,'58','16','14'),(225,'62','17','1'),(226,'87','17','2'),(227,'100','17','3'),(228,'89','17','4'),(229,'96','17','5'),(230,'62','17','6'),(231,'71','17','7'),(232,'122','17','8'),(233,'147','17','9'),(234,'119','17','10'),(235,'106','17','11'),(236,'123','17','12'),(237,'146','17','13'),(238,'112','17','14'),(239,'73','18','1'),(240,'80','18','2'),(241,'133','18','3'),(242,'73','18','4'),(243,'118','18','5'),(244,'120','18','6'),(245,'99','18','7'),(246,'82','18','8'),(247,'66','18','9'),(248,'132','18','10'),(249,'115','18','11'),(250,'127','18','12'),(251,'141','18','13'),(252,'75','18','14'),(253,'101','19','1'),(254,'131','19','2'),(255,'105','19','3'),(256,'81','19','4'),(257,'140','19','5'),(258,'109','19','6'),(259,'77','19','7'),(260,'105','19','8'),(261,'146','19','9'),(262,'65','19','10'),(263,'139','19','11'),(264,'147','19','12'),(265,'72','19','13'),(266,'70','19','14'),(267,'85','20','1'),(268,'64','20','2'),(269,'114','20','3'),(270,'128','20','4'),(271,'50','20','5'),(272,'116','20','6'),(273,'82','20','7'),(274,'112','20','8'),(275,'66','20','9'),(276,'142','20','10'),(277,'65','20','11'),(278,'148','20','12'),(279,'95','20','13'),(280,'82','20','14'),(281,'73','21','1'),(282,'73','21','2'),(283,'95','21','3'),(284,'107','21','4'),(285,'101','21','5'),(286,'136','21','6'),(287,'127','21','7'),(288,'75','21','8'),(289,'147','21','9'),(290,'59','21','10'),(291,'105','21','11'),(292,'98','21','12'),(293,'125','21','13'),(294,'81','21','14'),(295,'80','22','1'),(296,'110','22','2'),(297,'62','22','3'),(298,'127','22','4'),(299,'99','22','5'),(300,'64','22','6'),(301,'75','22','7'),(302,'134','22','8'),(303,'96','22','9'),(304,'128','22','10'),(305,'101','22','11'),(306,'71','22','12'),(307,'102','22','13'),(308,'148','22','14'),(309,'86','23','1'),(310,'138','23','2'),(311,'80','23','3'),(312,'138','23','4'),(313,'101','23','5'),(314,'143','23','6'),(315,'59','23','7'),(316,'119','23','8'),(317,'66','23','9'),(318,'124','23','10'),(319,'75','23','11'),(320,'50','23','12'),(321,'78','23','13'),(322,'89','23','14'),(323,'63','24','1'),(324,'100','24','2'),(325,'59','24','3'),(326,'147','24','4'),(327,'108','24','5'),(328,'51','24','6'),(329,'81','24','7'),(330,'103','24','8'),(331,'121','24','9'),(332,'146','24','10'),(333,'119','24','11'),(334,'106','24','12'),(335,'126','24','13'),(336,'62','24','14'),(337,'84','25','1'),(338,'82','25','2'),(339,'108','25','3'),(340,'146','25','4'),(341,'56','25','5'),(342,'91','25','6'),(343,'137','25','7'),(344,'62','25','8'),(345,'51','25','9'),(346,'121','25','10'),(347,'101','25','11'),(348,'91','25','12'),(349,'104','25','13'),(350,'96','25','14'),(351,'120','26','1'),(352,'62','26','2'),(353,'103','26','3'),(354,'76','26','4'),(355,'124','26','5'),(356,'141','26','6'),(357,'83','26','7'),(358,'142','26','8'),(359,'112','26','9'),(360,'85','26','10'),(361,'139','26','11'),(362,'92','26','12'),(363,'95','26','13'),(364,'146','26','14'),(365,'98','27','1'),(366,'100','27','2'),(367,'56','27','3'),(368,'130','27','4'),(369,'133','27','5'),(370,'127','27','6'),(371,'88','27','7'),(372,'106','27','8'),(373,'120','27','9'),(374,'130','27','10'),(375,'141','27','11'),(376,'65','27','12'),(377,'55','27','13'),(378,'127','27','14'),(379,'123','28','1'),(380,'82','28','2'),(381,'92','28','3'),(382,'67','28','4'),(383,'108','28','5'),(384,'88','28','6'),(385,'66','28','7'),(386,'117','28','8'),(387,'136','28','9'),(388,'81','28','10'),(389,'149','28','11'),(390,'53','28','12'),(391,'69','28','13'),(392,'135','28','14'),(393,'121','29','1'),(394,'148','29','2'),(395,'128','29','3'),(396,'145','29','4'),(397,'92','29','5'),(398,'74','29','6'),(399,'147','29','7'),(400,'63','29','8'),(401,'126','29','9'),(402,'91','29','10'),(403,'129','29','11'),(404,'119','29','12'),(405,'60','29','13'),(406,'94','29','14'),(407,'141','30','1'),(408,'72','30','2'),(409,'86','30','3'),(410,'67','30','4'),(411,'128','30','5'),(412,'90','30','6'),(413,'114','30','7'),(414,'54','30','8'),(415,'75','30','9'),(416,'66','30','10'),(417,'54','30','11'),(418,'121','30','12'),(419,'95','30','13'),(420,'63','30','14'),(421,'81','31','1'),(422,'65','31','2'),(423,'131','31','3'),(424,'113','31','4'),(425,'122','31','5'),(426,'122','31','6'),(427,'92','31','7'),(428,'147','31','8'),(429,'110','31','9'),(430,'61','31','10'),(431,'123','31','11'),(432,'82','31','12'),(433,'91','31','13'),(434,'60','31','14'),(435,'77','32','1'),(436,'56','32','2'),(437,'100','32','3'),(438,'83','32','4'),(439,'65','32','5'),(440,'124','32','6'),(441,'79','32','7'),(442,'71','32','8'),(443,'69','32','9'),(444,'84','32','10'),(445,'64','32','11'),(446,'119','32','12'),(447,'52','32','13'),(448,'53','32','14'),(449,'60','33','1'),(450,'92','33','2'),(451,'130','33','3'),(452,'126','33','4'),(453,'90','33','5'),(454,'124','33','6'),(455,'98','33','7'),(456,'71','33','8'),(457,'109','33','9'),(458,'82','33','10'),(459,'134','33','11'),(460,'77','33','12'),(461,'130','33','13'),(462,'73','33','14'),(463,'123','34','1'),(464,'146','34','2'),(465,'114','34','3'),(466,'82','34','4'),(467,'116','34','5'),(468,'87','34','6'),(469,'135','34','7'),(470,'66','34','8'),(471,'73','34','9'),(472,'121','34','10'),(473,'134','34','11'),(474,'60','34','12'),(475,'148','34','13'),(476,'109','34','14'),(477,'52','35','1'),(478,'82','35','2'),(479,'104','35','3'),(480,'127','35','4'),(481,'71','35','5'),(482,'125','35','6'),(483,'64','35','7'),(484,'94','35','8'),(485,'131','35','9'),(486,'123','35','10'),(487,'70','35','11'),(488,'134','35','12'),(489,'108','35','13'),(490,'92','35','14'),(491,'83','36','1'),(492,'92','36','2'),(493,'63','36','3'),(494,'87','36','4'),(495,'95','36','5'),(496,'66','36','6'),(497,'95','36','7'),(498,'127','36','8'),(499,'102','36','9'),(500,'80','36','10'),(501,'143','36','11'),(502,'127','36','12'),(503,'56','36','13'),(504,'50','36','14'),(505,'134','37','1'),(506,'67','37','2'),(507,'86','37','3'),(508,'78','37','4'),(509,'81','37','5'),(510,'123','37','6'),(511,'123','37','7'),(512,'96','37','8'),(513,'61','37','9'),(514,'66','37','10'),(515,'100','37','11'),(516,'50','37','12'),(517,'101','37','13'),(518,'106','37','14');
/*!40000 ALTER TABLE `mark` ENABLE KEYS */;

#
# Structure for table "study"
#

DROP TABLE IF EXISTS `study`;
CREATE TABLE `study` (
  `stu_id` int(11) NOT NULL AUTO_INCREMENT COMMENT '学生id',
  `stu_name` varchar(10) DEFAULT NULL COMMENT '名字',
  `sex` enum('男','女') DEFAULT '男' COMMENT '性别',
  `branch_id` varchar(20) DEFAULT NULL COMMENT '所在专业学院',
  PRIMARY KEY (`stu_id`)
) ENGINE=MyISAM AUTO_INCREMENT=38 DEFAULT CHARSET=utf8 COMMENT='学生';

#
# Data for table "study"
#

/*!40000 ALTER TABLE `study` DISABLE KEYS */;
INSERT INTO `study` VALUES (1,'张文','男','1'),(2,'李楠','男','2'),(3,'刘雄','女','3'),(4,'张闪','男','4'),(5,'李连','男','5'),(6,'刘宇航','男','7'),(7,'宋数','男','1'),(8,'江南道','男','2'),(9,'忆江南','女','5'),(10,'网山','男','5'),(11,'徐佳','女','2'),(12,'徐家伟','男','3'),(13,'李干党','男','2'),(14,'松江','女','1'),(15,'张雯','男','3'),(16,'张想象','女','7'),(17,'孜然','男','2'),(18,'故梦','女','8'),(19,'竹山','男','5'),(20,'反真','女','9'),(21,'张才学','男','4'),(22,'刘浩然','女','3'),(23,'张乔天','男','2'),(24,'张雪','女','1'),(25,'李文','男','6'),(26,'夏竹','女','7'),(27,'梦山','男','8'),(28,'张思','男','9'),(29,'王梦','女','10'),(30,'韩求值','男','11'),(31,'韩志','女','8'),(32,'李芭','男','3'),(33,'张柏','女','2'),(34,'王波','男','1'),(35,'石涛','女','2'),(36,'文山','男','5'),(37,'海岛','女','2');
/*!40000 ALTER TABLE `study` ENABLE KEYS */;

#
# Structure for table "subject"
#

DROP TABLE IF EXISTS `subject`;
CREATE TABLE `subject` (
  `sub_id` int(11) NOT NULL AUTO_INCREMENT COMMENT '科目id',
  `sub_name` varchar(20) DEFAULT NULL COMMENT '科目',
  PRIMARY KEY (`sub_id`)
) ENGINE=MyISAM AUTO_INCREMENT=15 DEFAULT CHARSET=utf8 COMMENT='科目';

#
# Data for table "subject"
#

/*!40000 ALTER TABLE `subject` DISABLE KEYS */;
INSERT INTO `subject` VALUES (1,'高等数学'),(2,'线性代数'),(3,'c++程序设计'),(4,'sql sever 2008'),(5,'人文地理'),(6,'形势政策'),(7,'图像处理'),(8,'社会科学'),(9,'形势政策'),(10,'图像处理'),(11,'计算机网络'),(12,'操作系统'),(13,'语言阅读'),(14,'走进科学');
/*!40000 ALTER TABLE `subject` ENABLE KEYS */;

#
# Structure for table "teacher"
#

DROP TABLE IF EXISTS `teacher`;
CREATE TABLE `teacher` (
  `tea_id` int(11) NOT NULL AUTO_INCREMENT COMMENT '教师id',
  `job` varchar(10) DEFAULT NULL COMMENT '职称信息',
  `tea_name` varchar(10) DEFAULT NULL COMMENT '教师名字',
  `sex` enum('男','女') DEFAULT '男' COMMENT '性别',
  `sub_id` varchar(20) DEFAULT NULL COMMENT '科目id',
  PRIMARY KEY (`tea_id`)
) ENGINE=MyISAM AUTO_INCREMENT=15 DEFAULT CHARSET=utf8 COMMENT='教师';

#
# Data for table "teacher"
#

/*!40000 ALTER TABLE `teacher` DISABLE KEYS */;
INSERT INTO `teacher` VALUES (1,'教授','张世豪','男','1'),(2,'副教授','李佳文','女','2'),(3,'讲师','白蒙','女','3'),(4,'教授','李白','男','4'),(5,'副教授','杜文','女','5'),(6,'讲师','徐佳佳','女','6'),(7,'教授','张文娜','男','7'),(8,'副教授','李珊珊','女','8'),(9,'讲师','许生水','女','9'),(10,'教授','张梁雪','男','10'),(11,'副教授','李笑','女','11'),(12,'讲师','白封','女','12'),(13,'教授','李问','男','13'),(14,'副教授','杜桥','女','14');
/*!40000 ALTER TABLE `teacher` ENABLE KEYS */;
